{"cameraMode":{"drawMode":0,"name":"Shaded","section":"Shading Mode"},"sceneLighting":true,"audioPlay":false,"sceneViewState":{"m_AlwaysRefresh":false,"showFog":true,"showSkybox":true,"showFlares":true,"showImageEffects":true,"showParticleSystems":true,"showVisualEffectGraphs":true,"m_FxEnabled":false},"in2DMode":false,"pivot":{"x":66.75746154785156,"y":-142.87884521484376,"z":726.8040771484375},"rotation":{"x":0.09903164207935333,"y":0.04805402830243111,"z":-0.004796850029379129,"w":0.9939252734184265},"size":380.3037414550781,"orthographic":false}